MANIFEST.in
setup.py
sop_infra/__init__.py
sop_infra/filtersets.py
sop_infra/forms.py
sop_infra/models.py
sop_infra/navigation.py
sop_infra/search.py
sop_infra/tables.py
sop_infra/template_content.py
sop_infra/urls.py
sop_infra/utils.py
sop_infra/views.py
sop_infra.egg-info/PKG-INFO
sop_infra.egg-info/SOURCES.txt
sop_infra.egg-info/dependency_links.txt
sop_infra.egg-info/not-zip-safe
sop_infra.egg-info/top_level.txt
sop_infra/api/__init__.py
sop_infra/api/serializers.py
sop_infra/api/urls.py
sop_infra/api/views.py
sop_infra/api/__pycache__/__init__.cpython-312.pyc
sop_infra/api/__pycache__/serializers.cpython-312.pyc
sop_infra/api/__pycache__/urls.cpython-312.pyc
sop_infra/api/__pycache__/views.cpython-312.pyc
sop_infra/migrations/0001_initial.py
sop_infra/migrations/0002_rename_site_type_industrial_sopinfra_site_type_indus.py
sop_infra/migrations/0003_rename_swanha_sopinfra_sdwanha.py
sop_infra/migrations/0004_sopinfra_master_site.py
sop_infra/migrations/0005_sopinfra_site_user_count.py
sop_infra/migrations/0006_sopinfra_sop_infra_sopinfra_master_site_equal_site.py
sop_infra/migrations/0007_sopinfra_criticity_stars_sopinfra_site_mx_model.py
sop_infra/migrations/0008_alter_sopinfra_site_mx_model.py
sop_infra/migrations/0009_sopinfra_ad_direct_users.py
sop_infra/migrations/0010_rename_ad_cumul_user_sopinfra_ad_cumulative_users.py
sop_infra/migrations/0011_remove_sopinfra_ad_cumulative_users.py
sop_infra/migrations/__init__.py
sop_infra/migrations/__pycache__/0001_initial.cpython-312.pyc
sop_infra/migrations/__pycache__/0002_rename_site_type_industrial_sopinfra_site_type_indus.cpython-312.pyc
sop_infra/migrations/__pycache__/0003_rename_swanha_sopinfra_sdwanha.cpython-312.pyc
sop_infra/migrations/__pycache__/0004_sopinfra_master_site.cpython-312.pyc
sop_infra/migrations/__pycache__/0005_sopinfra_site_user_count.cpython-312.pyc
sop_infra/migrations/__pycache__/0006_sopinfra_sop_infra_sopinfra_master_site_equal_site.cpython-312.pyc
sop_infra/migrations/__pycache__/0007_sopinfra_criticity_stars_sopinfra_site_mx_model.cpython-312.pyc
sop_infra/migrations/__pycache__/0008_alter_sopinfra_site_mx_model.cpython-312.pyc
sop_infra/migrations/__pycache__/0009_sopinfra_ad_direct_users.cpython-312.pyc
sop_infra/migrations/__pycache__/0010_rename_ad_cumul_user_sopinfra_ad_cumulative_users.cpython-312.pyc
sop_infra/migrations/__pycache__/__init__.cpython-312.pyc
sop_infra/templates/sop_infra/classification.html
sop_infra/templates/sop_infra/meraki.html
sop_infra/templates/sop_infra/sizing.html
sop_infra/templates/sop_infra/sopinfra.html
sop_infra/templates/sop_infra/panels/panel.html
sop_infra/templates/sop_infra/tab/classification.html
sop_infra/templates/sop_infra/tab/meraki.html
sop_infra/templates/sop_infra/tab/sizing.html
sop_infra/templates/sop_infra/tab/tab.html
sop_infra/templates/sop_infra/tools/badge.html
sop_infra/templates/sop_infra/tools/breadcrumbs.html
sop_infra/templates/sop_infra/tools/display.html
sop_infra/templates/sop_infra/tools/display_detail.html
sop_infra/templates/sop_infra/tools/forms.html
sop_infra/templates/sop_infra/tools/refresh.html
sop_infra/templates/sop_infra/tools/refresh_form.html
sop_infra/templates/sop_infra/tools/related.html
sop_infra/templates/sop_infra/tools/site.html
sop_infra/templates/sop_infra/tools/tables.html
sop_infra/templatetags/__init__.py
sop_infra/templatetags/infra_custom_tags.py
sop_infra/tests/__init__.py
sop_infra/tests/test_api.py
sop_infra/tests/test_compute.py
sop_infra/tests/test_models.py
sop_infra/tests/test_views.py
sop_infra/validators/__init__.py
sop_infra/validators/model_validators.py
sop_infra/validators/__pycache__/__init__.cpython-312.pyc
sop_infra/validators/__pycache__/model_validators.cpython-312.pyc
sop_infra/validators/__pycache__/site_validators.cpython-312.pyc